description,silhouette,fabric,neckline,sleeve,length,embellishment,color,category
Floor length chiffon bridesmaid dress with pleated bodice and V neckline, A-line, Chiffon, V-neck, Sleeveless, Floor, Pleated, Sage, Bridesmaid
Sparkly sequin fitted prom gown featuring a deep illusion neckline and open back, Fitted, Sequin, Illusion, Sleeveless, Floor, Sparkly, Silver, Prom
Off shoulder satin ball gown with corset bodice and sweep train in royal navy, Ball Gown, Satin, Off-shoulder, Sleeveless, Floor, Corset, Navy, Formal
Lace mermaid wedding dress with long sleeves and scalloped hem, Mermaid, Lace, Scoop, Long, Floor, Scalloped, White, Wedding
Short cocktail dress with feather trim and beaded waist detail, Sheath, Crepe, Round, Short, Short, Feather/Beaded, Black, Cocktail
Tulle A line evening gown with floral embroidery and cap sleeves, A-line, Tulle, Round, Cap, Floor, Embroidery, Pink, Evening
Stretch jersey sheath dress with ruched waist and side slit, Sheath, Jersey, Round, Sleeveless, Knee, Ruched, Red, Casual
Strapless sweetheart neckline glitter gown with layered skirt, Ball Gown, Glitter, Sweetheart, Strapless, Floor, Layered, Gold, Formal
One shoulder draped chiffon dress with high slit and empire waist, Empire, Chiffon, One-shoulder, Sleeveless, Floor, Draped, Green, Bridesmaid
Velvet winter formal dress with square neckline and puff sleeves, Sheath, Velvet, Square, Puff, Midi, Plain, Burgundy, Formal
Organza ball gown with jewel neckline and embroidered bodice, Ball Gown, Organza, Jewel, Sleeveless, Floor, Embroidery, Ivory, Wedding
Sequin sheath cocktail dress with halter neckline and open back, Sheath, Sequin, Halter, Sleeveless, Short, Sparkly, Silver, Cocktail
Chiffon maxi dress with boat neckline and flutter sleeves, A-line, Chiffon, Boat, Flutter, Maxi, Plain, Lavender, Casual
Satin mermaid gown with sweetheart neckline and beaded straps, Mermaid, Satin, Sweetheart, Strap, Floor, Beaded, Champagne, Evening
Tulle princess gown with illusion neckline and floral appliqué, Ball Gown, Tulle, Illusion, Sleeveless, Floor, Appliqué, Blush, Wedding
Velvet sheath midi dress with cowl neckline and long sleeves, Sheath, Velvet, Cowl, Long, Midi, Plain, Emerald, Formal
Glitter A line gown with off shoulder neckline and layered skirt, A-line, Glitter, Off-shoulder, Sleeveless, Floor, Layered, Rose Gold, Prom
Lace cocktail dress with square neckline and cap sleeves, Sheath, Lace, Square, Cap, Short, Plain, Black, Cocktail
Chiffon bridesmaid gown with halter neckline and pleated skirt, A-line, Chiffon, Halter, Sleeveless, Floor, Pleated, Dusty Blue, Bridesmaid
Organza ball gown with sweetheart neckline and puff sleeves, Ball Gown, Organza, Sweetheart, Puff, Floor, Plain, White, Wedding
Sequin fitted gown with deep V neckline and slit, Fitted, Sequin, V-neck, Sleeveless, Floor, Sparkly, Red, Prom
Satin sheath dress with boat neckline and short sleeves, Sheath, Satin, Boat, Short, Knee, Plain, Navy, Casual
Velvet mermaid gown with square neckline and long sleeves, Mermaid, Velvet, Square, Long, Floor, Plain, Black, Evening
Tulle A line gown with sweetheart neckline and floral embroidery, A-line, Tulle, Sweetheart, Sleeveless, Floor, Embroidery, Lilac, Wedding
Chiffon cocktail dress with illusion neckline and flutter sleeves, Sheath, Chiffon, Illusion, Flutter, Short, Plain, Coral, Cocktail
Glitter ball gown with strapless neckline and corset bodice, Ball Gown, Glitter, Strapless, Sleeveless, Floor, Corset, Silver, Prom
Lace sheath midi dress with round neckline and cap sleeves, Sheath, Lace, Round, Cap, Midi, Plain, White, Casual
Satin evening gown with off shoulder neckline and ruched bodice, A-line, Satin, Off-shoulder, Sleeveless, Floor, Ruched, Burgundy, Evening
Velvet cocktail dress with sweetheart neckline and puff sleeves, Sheath, Velvet, Sweetheart, Puff, Short, Plain, Emerald, Cocktail
Tulle princess gown with jewel neckline and floral appliqué, Ball Gown, Tulle, Jewel, Sleeveless, Floor, Appliqué, Blush, Wedding
Sequin sheath gown with halter neckline and slit, Sheath, Sequin, Halter, Sleeveless, Floor, Sparkly, Gold, Prom
Chiffon bridesmaid dress with square neckline and flutter sleeves, A-line, Chiffon, Square, Flutter, Floor, Plain, Sage, Bridesmaid
Organza ball gown with illusion neckline and embroidered bodice, Ball Gown, Organza, Illusion, Sleeveless, Floor, Embroidery, Ivory, Wedding
Glitter fitted gown with sweetheart neckline and slit, Fitted, Glitter, Sweetheart, Sleeveless, Floor, Sparkly, Rose Gold, Prom
Velvet sheath midi dress with boat neckline and long sleeves, Sheath, Velvet, Boat, Long, Midi, Plain, Navy, Formal
Satin mermaid gown with strapless neckline and corset bodice, Mermaid, Satin, Strapless, Sleeveless, Floor, Corset, Champagne, Evening
Lace cocktail dress with sweetheart neckline and cap sleeves, Sheath, Lace, Sweetheart, Cap, Short, Plain, Black, Cocktail
Tulle A line gown with square neckline and floral embroidery, A-line, Tulle, Square, Sleeveless, Floor, Embroidery, Lilac, Wedding
Chiffon bridesmaid gown with sweetheart neckline and pleated skirt, A-line, Chiffon, Sweetheart, Sleeveless, Floor, Pleated, Dusty Blue, Bridesmaid
Sequin ball gown with illusion neckline and corset bodice, Ball Gown, Sequin, Illusion, Sleeveless, Floor, Sparkly, Silver, Prom
Velvet evening gown with off shoulder neckline and long sleeves, Sheath, Velvet, Off-shoulder, Long, Floor, Plain, Burgundy, Evening
Satin cocktail dress with halter neckline and short sleeves, Sheath, Satin, Halter, Short, Short, Plain, Red, Cocktail
Glitter princess gown with jewel neckline and layered skirt, Ball Gown, Glitter, Jewel, Sleeveless, Floor, Layered, Gold, Prom
Lace sheath midi dress with boat neckline and cap sleeves, Sheath, Lace, Boat, Cap, Midi, Plain, White, Casual
Tulle ball gown with sweetheart neckline and floral appliqué, Ball Gown, Tulle, Sweetheart, Sleeveless, Floor, Appliqué, Blush, Wedding
Chiffon bridesmaid dress with halter neckline and pleated bodice, A-line, Chiffon, Halter, Sleeveless, Floor, Pleated, Sage, Bridesmaid
Velvet cocktail dress with square neckline and puff sleeves, Sheath, Velvet, Square, Puff, Short, Plain, Emerald, Cocktail
Satin evening gown with sweetheart neckline and ruched bodice, A-line, Satin, Sweetheart, Sleeveless, Floor, Ruched, Navy, Evening
Sequin fitted gown with strapless neckline and slit, Fitted, Sequin, Strapless, Sleeveless, Floor, Sparkly, Red, Prom
Organza ball gown with off shoulder neckline and embroidered bodice, Ball Gown, Organza, Off-shoulder, Sleeveless, Floor, Embroidery, Ivory, Wedding
Glitter sheath gown with illusion neckline and slit, Sheath, Glitter, Illusion, Sleeveless, Floor, Sparkly, Rose Gold, Prom
Lace cocktail dress with square neckline and cap sleeves, Sheath, Lace, Square, Cap, Short, Plain, Black, Cocktail
Tulle princess gown with sweetheart neckline and floral embroidery, Ball Gown, Tulle, Sweetheart, Sleeveless, Floor, Embroidery, Lilac, Wedding
Chiffon bridesmaid gown with illusion neckline and pleated skirt, A-line, Chiffon, Illusion, Sleeveless, Floor, Pleated, Dusty Blue, Bridesmaid
Velvet evening gown with sweetheart neckline and long sleeves, Sheath, Velvet, Sweetheart, Long, Floor, Plain, Burgundy, Evening
Satin cocktail dress with boat neckline and short sleeves, Sheath, Satin, Boat, Short, Short, Plain, Red, Cocktail
Glitter ball gown with sweetheart neckline and layered skirt, Ball Gown, Glitter, Sweetheart, Sleeveless, Floor, Layered, Gold, Prom
